Раздел,Параметр,Значение,Комментарий,,,,,,,,,,,,,,,,,,,,,,,,,,,,,,,,,,,,,,,,,,,,,,,,,,,,,,,,,,,,,,,,,,,,,,,,,,,,,,,,,,,,,,,,,,,,,,,,,,,,,,,,,,,,,,,,,,,,,,,,,,
1.,Общая,информация,Название,Московская,область,,,,,,,,,,,,,,,,,,,,,,,,,,,,,,,,,,,,,,,,,,,,,,,,,,,,,,,,,,,,,,,,,,,,,,,,,,,,,,,,,,,,,,,,,,,,,,,,,,,,,,,,,,,,,,,,,,,,,,,,
1.,Общая,информация,Тип,область,,,,,,,,,,,,,,,,,,,,,,,,,,,,,,,,,,,,,,,,,,,,,,,,,,,,,,,,,,,,,,,,,,,,,,,,,,,,,,,,,,,,,,,,,,,,,,,,,,,,,,,,,,,,,,,,,,,,,,,,,
1.,Общая,информация,Экономический,район,Центральный,,,,,,,,,,,,,,,,,,,,,,,,,,,,,,,,,,,,,,,,,,,,,,,,,,,,,,,,,,,,,,,,,,,,,,,,,,,,,,,,,,,,,,,,,,,,,,,,,,,,,,,,,,,,,,,,,,,,,,,,
1.,Общая,информация,Федеральный,округ,Центральный,,,,,,,,,,,,,,,,,,,,,,,,,,,,,,,,,,,,,,,,,,,,,,,,,,,,,,,,,,,,,,,,,,,,,,,,,,,,,,,,,,,,,,,,,,,,,,,,,,,,,,,,,,,,,,,,,,,,,,,,
1.,Общая,информация,Административный,центр,официальный административный центр не установлен; органы государственной власти области размещаются преимущественно в Красногорске,,,,,,,,,,,,,,,,,,,,,,,,,,,,,,,,,,,,,,,,,,,,,,,,,,,,,,,,,,,,,,,,,,,,,,,,,,,,,,,,,,,,,,,,,,,,,,,,,,,,,,,,,,,,,,,,,,,,,,,,
1.,Общая,информация,Площадь,≈,44,3,тыс.,км²,,,,,,,,,,,,,,,,,,,,,,,,,,,,,,,,,,,,,,,,,,,,,,,,,,,,,,,,,,,,,,,,,,,,,,,,,,,,,,,,,,,,,,,,,,,,,,,,,,,,,,,,,,,,,,,,,,,,,
1.,Общая,информация,Население,"около 8,8 млн человек; без населения Москвы",,,,,,,,,,,,,,,,,,,,,,,,,,,,,,,,,,,,,,,,,,,,,,,,,,,,,,,,,,,,,,,,,,,,,,,,,,,,,,,,,,,,,,,,,,,,,,,,,,,,,,,,,,,,,,,,,,,,,,,,,
1.,Общая,информация,Географическое,положение,"центр Европейской части России; Московская область окружает Москву и граничит со Смоленской, Тверской, Ярославской, Владимирской, Рязанской, Тульской и Калужской областями",,,,,,,,,,,,,,,,,,,,,,,,,,,,,,,,,,,,,,,,,,,,,,,,,,,,,,,,,,,,,,,,,,,,,,,,,,,,,,,,,,,,,,,,,,,,,,,,,,,,,,,,,,,,,,,,,,,,,,,,
1.,Общая,информация,Часовой,пояс,MSK,(UTC+3),,,,,,,,,,,,,,,,,,,,,,,,,,,,,,,,,,,,,,,,,,,,,,,,,,,,,,,,,,,,,,,,,,,,,,,,,,,,,,,,,,,,,,,,,,,,,,,,,,,,,,,,,,,,,,,,,,,,,,,
1.,Общая,информация,Выход,к,морю,нет,,,,,,,,,,,,,,,,,,,,,,,,,,,,,,,,,,,,,,,,,,,,,,,,,,,,,,,,,,,,,,,,,,,,,,,,,,,,,,,,,,,,,,,,,,,,,,,,,,,,,,,,,,,,,,,,,,,,,,,
1.,Общая,информация,Выход,к,океану,нет,,,,,,,,,,,,,,,,,,,,,,,,,,,,,,,,,,,,,,,,,,,,,,,,,,,,,,,,,,,,,,,,,,,,,,,,,,,,,,,,,,,,,,,,,,,,,,,,,,,,,,,,,,,,,,,,,,,,,,,
2.,Визитная,карточка,/,описание,Описание,Подмосковье,—,крупный,и,разнообразный,регион,вокруг,столицы,,где,высокая,плотность,городской,инфраструктуры,сочетается,с,лесами,,реками,,озёрами,,водохранилищами,и,сельскими,ландшафтами,средней,полосы.,Регион,особенно,удобен,для,коротких,поездок,и,отдыха,выходного,дня:,здесь,развиты,загородное,размещение,,семейный,,природный,,оздоровительный,и,активный,отдых.,Близость,Москвы,и,густая,транспортная,сеть,делают,Московскую,область,одним,из,наиболее,доступных,туристических,регионов,Центральной,России.,,,,,,,,,,,,,,,,,,,,,,,,,,,,,,,,,,,,,,,,,,,,,,,,,,,,
3.,Природа,и,ландшафт,Тип,местности,"преимущественно равнинная и слабохолмистая территория; на севере и западе выражены возвышенности, на востоке — низменные ландшафты Мещёры",,,,,,,,,,,,,,,,,,,,,,,,,,,,,,,,,,,,,,,,,,,,,,,,,,,,,,,,,,,,,,,,,,,,,,,,,,,,,,,,,,,,,,,,,,,,,,,,,,,,,,,,,,,,,,,,,,,,,,,
3.,Природа,и,ландшафт,Возвышенности,Клинско-Дмитровская и Московская возвышенности; значительных гор нет,,,,,,,,,,,,,,,,,,,,,,,,,,,,,,,,,,,,,,,,,,,,,,,,,,,,,,,,,,,,,,,,,,,,,,,,,,,,,,,,,,,,,,,,,,,,,,,,,,,,,,,,,,,,,,,,,,,,,,,,
3.,Природа,и,ландшафт,Леса,"смешанные и хвойно-широколиственные леса; распространены ель, сосна, берёза, осина",,,,,,,,,,,,,,,,,,,,,,,,,,,,,,,,,,,,,,,,,,,,,,,,,,,,,,,,,,,,,,,,,,,,,,,,,,,,,,,,,,,,,,,,,,,,,,,,,,,,,,,,,,,,,,,,,,,,,,,,
3.,Природа,и,ландшафт,Реки,"Ока, Москва-река, Клязьма; участок Волги у Дубны; также Истра, Руза, Нара, Протва, Пахра, Дубна и другие",,,,,,,,,,,,,,,,,,,,,,,,,,,,,,,,,,,,,,,,,,,,,,,,,,,,,,,,,,,,,,,,,,,,,,,,,,,,,,,,,,,,,,,,,,,,,,,,,,,,,,,,,,,,,,,,,,,,,,,,
3.,Природа,и,ландшафт,Озёра,Сенеж,,Бисерово,,Глубокое,,Тростенское,,Святое,и,многочисленные,небольшие,озёра,,,,,,,,,,,,,,,,,,,,,,,,,,,,,,,,,,,,,,,,,,,,,,,,,,,,,,,,,,,,,,,,,,,,,,,,,,,,,,,,,,,,,,,,,,,,,,,,,,,,,,,,,,,,
3.,Природа,и,ландшафт,Водохранилища,Истринское,,Можайское,,Рузское,,Озернинское,,Клязьминское,,Пироговское,,Учинское,и,другие,,,,,,,,,,,,,,,,,,,,,,,,,,,,,,,,,,,,,,,,,,,,,,,,,,,,,,,,,,,,,,,,,,,,,,,,,,,,,,,,,,,,,,,,,,,,,,,,,,,,,,,,,,
3.,Природа,и,ландшафт,Моря,нет,,,,,,,,,,,,,,,,,,,,,,,,,,,,,,,,,,,,,,,,,,,,,,,,,,,,,,,,,,,,,,,,,,,,,,,,,,,,,,,,,,,,,,,,,,,,,,,,,,,,,,,,,,,,,,,,,,,,,,,,
3.,Природа,и,ландшафт,Особые,природные,объекты,Приокско-Террасный,государственный,природный,биосферный,заповедник,,часть,национального,парка,«Лосиный,Остров»,,лесные,и,озёрно-болотные,ландшафты,Мещёры,,долины,Оки,и,Москвы-реки,,,,,,,,,,,,,,,,,,,,,,,,,,,,,,,,,,,,,,,,,,,,,,,,,,,,,,,,,,,,,,,,,,,,,,,,,,,,,,,,,,,,,,,,,,,,,,,,,
4.,Климат,Январь,температура −9 °C; осадки ≈ 40 мм; солнечных дней ≈ 3,"Морозно, устойчивый снежный покров; на востоке области обычно немного холоднее",,,,,,,,,,,,,,,,,,,,,,,,,,,,,,,,,,,,,,,,,,,,,,,,,,,,,,,,,,,,,,,,,,,,,,,,,,,,,,,,,,,,,,,,,,,,,,,,,,,,,,,,,,,,,,,,,,,,,,,,,
4.,Климат,Февраль,температура −8 °C; осадки ≈ 35 мм; солнечных дней ≈ 4,Зимняя,погода,,снежный,покров,сохраняется,,увеличивается,продолжительность,дня,,,,,,,,,,,,,,,,,,,,,,,,,,,,,,,,,,,,,,,,,,,,,,,,,,,,,,,,,,,,,,,,,,,,,,,,,,,,,,,,,,,,,,,,,,,,,,,,,,,,,,,,,,,,,,,,
4.,Климат,Март,температура −2 °C; осадки ≈ 35 мм; солнечных дней ≈ 7,Оттепели,чередуются,с,морозами,,начинается,снеготаяние,,,,,,,,,,,,,,,,,,,,,,,,,,,,,,,,,,,,,,,,,,,,,,,,,,,,,,,,,,,,,,,,,,,,,,,,,,,,,,,,,,,,,,,,,,,,,,,,,,,,,,,,,,,,,,,,,,,
4.,Климат,Апрель,температура +6 °C; осадки ≈ 40–45 мм; солнечных дней ≈ 10,Быстрое,потепление,,сход,снега,,возможны,резкие,изменения,температуры,,,,,,,,,,,,,,,,,,,,,,,,,,,,,,,,,,,,,,,,,,,,,,,,,,,,,,,,,,,,,,,,,,,,,,,,,,,,,,,,,,,,,,,,,,,,,,,,,,,,,,,,,,,,,,,,
4.,Климат,Май,температура +13 °C; осадки ≈ 50 мм; солнечных дней ≈ 15,Комфортная,весенняя,погода,,активное,озеленение,,,,,,,,,,,,,,,,,,,,,,,,,,,,,,,,,,,,,,,,,,,,,,,,,,,,,,,,,,,,,,,,,,,,,,,,,,,,,,,,,,,,,,,,,,,,,,,,,,,,,,,,,,,,,,,,,,,,
4.,Климат,Июнь,температура +17 °C; осадки ≈ 70–80 мм; солнечных дней ≈ 16,Тёпло,,длинный,световой,день,,возможны,ливни,и,грозы,,,,,,,,,,,,,,,,,,,,,,,,,,,,,,,,,,,,,,,,,,,,,,,,,,,,,,,,,,,,,,,,,,,,,,,,,,,,,,,,,,,,,,,,,,,,,,,,,,,,,,,,,,,,,,,,
4.,Климат,Июль,температура +19 °C; осадки ≈ 85–95 мм; солнечных дней ≈ 17,"Самый тёплый период года; возможны жара, ливни и грозы",,,,,,,,,,,,,,,,,,,,,,,,,,,,,,,,,,,,,,,,,,,,,,,,,,,,,,,,,,,,,,,,,,,,,,,,,,,,,,,,,,,,,,,,,,,,,,,,,,,,,,,,,,,,,,,,,,,,,,,,,
4.,Климат,Август,температура +17 °C; осадки ≈ 70–80 мм; солнечных дней ≈ 16,Тёплый,конец,лета,,постепенно,прохладнее,ночи,,,,,,,,,,,,,,,,,,,,,,,,,,,,,,,,,,,,,,,,,,,,,,,,,,,,,,,,,,,,,,,,,,,,,,,,,,,,,,,,,,,,,,,,,,,,,,,,,,,,,,,,,,,,,,,,,,,
4.,Климат,Сентябрь,температура +11 °C; осадки ≈ 60–65 мм; солнечных дней ≈ 11,Мягкое,начало,осени,,комфортный,период,для,поездок,на,природу,,,,,,,,,,,,,,,,,,,,,,,,,,,,,,,,,,,,,,,,,,,,,,,,,,,,,,,,,,,,,,,,,,,,,,,,,,,,,,,,,,,,,,,,,,,,,,,,,,,,,,,,,,,,,,,,
4.,Климат,Октябрь,температура +5 °C; осадки ≈ 55–60 мм; солнечных дней ≈ 7,"Прохладно, часто пасмурно и дождливо; возможен первый снег",,,,,,,,,,,,,,,,,,,,,,,,,,,,,,,,,,,,,,,,,,,,,,,,,,,,,,,,,,,,,,,,,,,,,,,,,,,,,,,,,,,,,,,,,,,,,,,,,,,,,,,,,,,,,,,,,,,,,,,,,
4.,Климат,Ноябрь,температура −1 °C; осадки ≈ 50–60 мм; солнечных дней ≈ 3,Сырой,переход,к,зиме,,мокрый,снег,и,первые,устойчивые,морозы,,,,,,,,,,,,,,,,,,,,,,,,,,,,,,,,,,,,,,,,,,,,,,,,,,,,,,,,,,,,,,,,,,,,,,,,,,,,,,,,,,,,,,,,,,,,,,,,,,,,,,,,,,,,,,,
4.,Климат,Декабрь,температура −6 °C; осадки ≈ 50–55 мм; солнечных дней ≈ 2,Зимняя,погода,,снежный,покров,,короткий,световой,день,,,,,,,,,,,,,,,,,,,,,,,,,,,,,,,,,,,,,,,,,,,,,,,,,,,,,,,,,,,,,,,,,,,,,,,,,,,,,,,,,,,,,,,,,,,,,,,,,,,,,,,,,,,,,,,,,
4.,Климат,—,дополнительно,Тип,климата,умеренно-континентальный,,с,выраженной,сезонностью,,,,,,,,,,,,,,,,,,,,,,,,,,,,,,,,,,,,,,,,,,,,,,,,,,,,,,,,,,,,,,,,,,,,,,,,,,,,,,,,,,,,,,,,,,,,,,,,,,,,,,,,,,,,,,,,,,,
4.,Климат,—,дополнительно,Среднегодовая,температура,примерно +5…+6 °C; значения различаются по территории,,,,,,,,,,,,,,,,,,,,,,,,,,,,,,,,,,,,,,,,,,,,,,,,,,,,,,,,,,,,,,,,,,,,,,,,,,,,,,,,,,,,,,,,,,,,,,,,,,,,,,,,,,,,,,,,,,,,,,,
4.,Климат,—,дополнительно,Абсолютный,минимум,местами,ниже,−40,°C,,,,,,,,,,,,,,,,,,,,,,,,,,,,,,,,,,,,,,,,,,,,,,,,,,,,,,,,,,,,,,,,,,,,,,,,,,,,,,,,,,,,,,,,,,,,,,,,,,,,,,,,,,,,,,,,,,,,
4.,Климат,—,дополнительно,Абсолютный,максимум,местами,около,+38…+39,°C,,,,,,,,,,,,,,,,,,,,,,,,,,,,,,,,,,,,,,,,,,,,,,,,,,,,,,,,,,,,,,,,,,,,,,,,,,,,,,,,,,,,,,,,,,,,,,,,,,,,,,,,,,,,,,,,,,,,
4.,Климат,—,дополнительно,Среднегодовые,осадки,примерно 600–750 мм; распределение неодинаково по территории,,,,,,,,,,,,,,,,,,,,,,,,,,,,,,,,,,,,,,,,,,,,,,,,,,,,,,,,,,,,,,,,,,,,,,,,,,,,,,,,,,,,,,,,,,,,,,,,,,,,,,,,,,,,,,,,,,,,,,,
4.,Климат,—,дополнительно,Влажность,умеренно высокая; наиболее влажный период — поздняя осень и зима,,,,,,,,,,,,,,,,,,,,,,,,,,,,,,,,,,,,,,,,,,,,,,,,,,,,,,,,,,,,,,,,,,,,,,,,,,,,,,,,,,,,,,,,,,,,,,,,,,,,,,,,,,,,,,,,,,,,,,,,
4.,Климат,—,дополнительно,Лето,умеренно,тёплое,,возможны,ливни,,грозы,и,волны,жары,,,,,,,,,,,,,,,,,,,,,,,,,,,,,,,,,,,,,,,,,,,,,,,,,,,,,,,,,,,,,,,,,,,,,,,,,,,,,,,,,,,,,,,,,,,,,,,,,,,,,,,,,,,,,,,
4.,Климат,—,дополнительно,Зима,снежная,,умеренно,морозная,,с,периодическими,оттепелями,,,,,,,,,,,,,,,,,,,,,,,,,,,,,,,,,,,,,,,,,,,,,,,,,,,,,,,,,,,,,,,,,,,,,,,,,,,,,,,,,,,,,,,,,,,,,,,,,,,,,,,,,,,,,,,,,
5.,Туристическая,инфраструктура,Где,жить,от,бюджетных,гостиниц,и,апартаментов,до,загородных,отелей,,парк-отелей,,санаториев,,баз,отдыха,,глэмпингов,и,коттеджей,,,,,,,,,,,,,,,,,,,,,,,,,,,,,,,,,,,,,,,,,,,,,,,,,,,,,,,,,,,,,,,,,,,,,,,,,,,,,,,,,,,,,,,,,,,,,,,,,,,,,,
5.,Туристическая,инфраструктура,Общественное,питание,развито неравномерно: высокий выбор в крупных городах и популярных загородных зонах; вне них выбор может быть ограничен,,,,,,,,,,,,,,,,,,,,,,,,,,,,,,,,,,,,,,,,,,,,,,,,,,,,,,,,,,,,,,,,,,,,,,,,,,,,,,,,,,,,,,,,,,,,,,,,,,,,,,,,,,,,,,,,,,,,,,,,
5.,Туристическая,инфраструктура,Туристические,сервисы,"развитый рынок загородного отдыха, бронирования, экскурсий, проката и активностей; уровень зависит от конкретной территории",,,,,,,,,,,,,,,,,,,,,,,,,,,,,,,,,,,,,,,,,,,,,,,,,,,,,,,,,,,,,,,,,,,,,,,,,,,,,,,,,,,,,,,,,,,,,,,,,,,,,,,,,,,,,,,,,,,,,,,,
5.,Туристическая,инфраструктура,Информационная,доступность,высокая в крупных городах и популярных туристических зонах; большинство маршрутов и объектов доступны через цифровые карты и сервисы,,,,,,,,,,,,,,,,,,,,,,,,,,,,,,,,,,,,,,,,,,,,,,,,,,,,,,,,,,,,,,,,,,,,,,,,,,,,,,,,,,,,,,,,,,,,,,,,,,,,,,,,,,,,,,,,,,,,,,,,
6.,Туристический,профиль,Основной,тип,туризма,загородный,/,рекреационный,,,,,,,,,,,,,,,,,,,,,,,,,,,,,,,,,,,,,,,,,,,,,,,,,,,,,,,,,,,,,,,,,,,,,,,,,,,,,,,,,,,,,,,,,,,,,,,,,,,,,,,,,,,,,,,,,,,,,
6.,Туристический,профиль,Дополнительные,типы,туризма,природный,,культурный,,семейный,,оздоровительный,,активный,,событийный,,гастрономический,,,,,,,,,,,,,,,,,,,,,,,,,,,,,,,,,,,,,,,,,,,,,,,,,,,,,,,,,,,,,,,,,,,,,,,,,,,,,,,,,,,,,,,,,,,,,,,,,,,,,,,,,,,
6.,Туристический,профиль,Темп,/,интенсивность,отдыха,низкая–средняя; может быть высокой при активной программе,,,,,,,,,,,,,,,,,,,,,,,,,,,,,,,,,,,,,,,,,,,,,,,,,,,,,,,,,,,,,,,,,,,,,,,,,,,,,,,,,,,,,,,,,,,,,,,,,,,,,,,,,,,,,,,,,,,,,,
6.,Туристический,профиль,Оптимальная,длительность,поездки,1–4,дня,,,,,,,,,,,,,,,,,,,,,,,,,,,,,,,,,,,,,,,,,,,,,,,,,,,,,,,,,,,,,,,,,,,,,,,,,,,,,,,,,,,,,,,,,,,,,,,,,,,,,,,,,,,,,,,,,,,,,,
6.,Туристический,профиль,Подходит,для,длительного,отпуска,да,,прежде,всего,для,загородного,,санаторного,или,природного,отдыха,,,,,,,,,,,,,,,,,,,,,,,,,,,,,,,,,,,,,,,,,,,,,,,,,,,,,,,,,,,,,,,,,,,,,,,,,,,,,,,,,,,,,,,,,,,,,,,,,,,,,,,,,,,,
6.,Туристический,профиль,Круглогодичность,да,,,,,,,,,,,,,,,,,,,,,,,,,,,,,,,,,,,,,,,,,,,,,,,,,,,,,,,,,,,,,,,,,,,,,,,,,,,,,,,,,,,,,,,,,,,,,,,,,,,,,,,,,,,,,,,,,,,,,,,,,
7.,Сезонность,Высокий,сезон,май–сентябрь; январь–февраль для зимнего загородного отдыха,,,,,,,,,,,,,,,,,,,,,,,,,,,,,,,,,,,,,,,,,,,,,,,,,,,,,,,,,,,,,,,,,,,,,,,,,,,,,,,,,,,,,,,,,,,,,,,,,,,,,,,,,,,,,,,,,,,,,,,,,
7.,Сезонность,Низкий,сезон,ноябрь; март–апрель,,,,,,,,,,,,,,,,,,,,,,,,,,,,,,,,,,,,,,,,,,,,,,,,,,,,,,,,,,,,,,,,,,,,,,,,,,,,,,,,,,,,,,,,,,,,,,,,,,,,,,,,,,,,,,,,,,,,,,,,,
7.,Сезонность,Лучшие,месяцы,май,,июнь,,июль,,август,,сентябрь,,январь,,февраль,,,,,,,,,,,,,,,,,,,,,,,,,,,,,,,,,,,,,,,,,,,,,,,,,,,,,,,,,,,,,,,,,,,,,,,,,,,,,,,,,,,,,,,,,,,,,,,,,,,,,,,,,,,,,
7.,Сезонность,Комфорт,летом,высокий,,,,,,,,,,,,,,,,,,,,,,,,,,,,,,,,,,,,,,,,,,,,,,,,,,,,,,,,,,,,,,,,,,,,,,,,,,,,,,,,,,,,,,,,,,,,,,,,,,,,,,,,,,,,,,,,,,,,,,,,,
7.,Сезонность,Комфорт,зимой,средний,/,высокий,,,,,,,,,,,,,,,,,,,,,,,,,,,,,,,,,,,,,,,,,,,,,,,,,,,,,,,,,,,,,,,,,,,,,,,,,,,,,,,,,,,,,,,,,,,,,,,,,,,,,,,,,,,,,,,,,,,,,,,
7.,Сезонность,Комфорт,в,межсезонье,средний,/,низкий,,,,,,,,,,,,,,,,,,,,,,,,,,,,,,,,,,,,,,,,,,,,,,,,,,,,,,,,,,,,,,,,,,,,,,,,,,,,,,,,,,,,,,,,,,,,,,,,,,,,,,,,,,,,,,,,,,,,,,
7.,Сезонность,Особенности,межсезонья,сырость,,грязь,,нестабильная,температура,и,менее,предсказуемые,условия,для,природного,отдыха,,,,,,,,,,,,,,,,,,,,,,,,,,,,,,,,,,,,,,,,,,,,,,,,,,,,,,,,,,,,,,,,,,,,,,,,,,,,,,,,,,,,,,,,,,,,,,,,,,,,,,,,,,,,,
7.,Сезонность,—,оценка,по,месяцам,Январь,4/5,Экспертная,туристическая,оценка,,не,метеорологический,показатель,,,,,,,,,,,,,,,,,,,,,,,,,,,,,,,,,,,,,,,,,,,,,,,,,,,,,,,,,,,,,,,,,,,,,,,,,,,,,,,,,,,,,,,,,,,,,,,,,,,,,,,,,,,,,,,
7.,Сезонность,—,оценка,по,месяцам,Февраль,4/5,Экспертная,туристическая,оценка,,не,метеорологический,показатель,,,,,,,,,,,,,,,,,,,,,,,,,,,,,,,,,,,,,,,,,,,,,,,,,,,,,,,,,,,,,,,,,,,,,,,,,,,,,,,,,,,,,,,,,,,,,,,,,,,,,,,,,,,,,,,
7.,Сезонность,—,оценка,по,месяцам,Март,2/5,Экспертная,туристическая,оценка,,не,метеорологический,показатель,,,,,,,,,,,,,,,,,,,,,,,,,,,,,,,,,,,,,,,,,,,,,,,,,,,,,,,,,,,,,,,,,,,,,,,,,,,,,,,,,,,,,,,,,,,,,,,,,,,,,,,,,,,,,,,
7.,Сезонность,—,оценка,по,месяцам,Апрель,2/5,Экспертная,туристическая,оценка,,не,метеорологический,показатель,,,,,,,,,,,,,,,,,,,,,,,,,,,,,,,,,,,,,,,,,,,,,,,,,,,,,,,,,,,,,,,,,,,,,,,,,,,,,,,,,,,,,,,,,,,,,,,,,,,,,,,,,,,,,,,
7.,Сезонность,—,оценка,по,месяцам,Май,5/5,Экспертная,туристическая,оценка,,не,метеорологический,показатель,,,,,,,,,,,,,,,,,,,,,,,,,,,,,,,,,,,,,,,,,,,,,,,,,,,,,,,,,,,,,,,,,,,,,,,,,,,,,,,,,,,,,,,,,,,,,,,,,,,,,,,,,,,,,,,
7.,Сезонность,—,оценка,по,месяцам,Июнь,5/5,Экспертная,туристическая,оценка,,не,метеорологический,показатель,,,,,,,,,,,,,,,,,,,,,,,,,,,,,,,,,,,,,,,,,,,,,,,,,,,,,,,,,,,,,,,,,,,,,,,,,,,,,,,,,,,,,,,,,,,,,,,,,,,,,,,,,,,,,,,
7.,Сезонность,—,оценка,по,месяцам,Июль,5/5,Экспертная,туристическая,оценка,,не,метеорологический,показатель,,,,,,,,,,,,,,,,,,,,,,,,,,,,,,,,,,,,,,,,,,,,,,,,,,,,,,,,,,,,,,,,,,,,,,,,,,,,,,,,,,,,,,,,,,,,,,,,,,,,,,,,,,,,,,,
7.,Сезонность,—,оценка,по,месяцам,Август,5/5,Экспертная,туристическая,оценка,,не,метеорологический,показатель,,,,,,,,,,,,,,,,,,,,,,,,,,,,,,,,,,,,,,,,,,,,,,,,,,,,,,,,,,,,,,,,,,,,,,,,,,,,,,,,,,,,,,,,,,,,,,,,,,,,,,,,,,,,,,,
7.,Сезонность,—,оценка,по,месяцам,Сентябрь,5/5,Экспертная,туристическая,оценка,,не,метеорологический,показатель,,,,,,,,,,,,,,,,,,,,,,,,,,,,,,,,,,,,,,,,,,,,,,,,,,,,,,,,,,,,,,,,,,,,,,,,,,,,,,,,,,,,,,,,,,,,,,,,,,,,,,,,,,,,,,,
7.,Сезонность,—,оценка,по,месяцам,Октябрь,3/5,Экспертная,туристическая,оценка,,не,метеорологический,показатель,,,,,,,,,,,,,,,,,,,,,,,,,,,,,,,,,,,,,,,,,,,,,,,,,,,,,,,,,,,,,,,,,,,,,,,,,,,,,,,,,,,,,,,,,,,,,,,,,,,,,,,,,,,,,,,
7.,Сезонность,—,оценка,по,месяцам,Ноябрь,2/5,Экспертная,туристическая,оценка,,не,метеорологический,показатель,,,,,,,,,,,,,,,,,,,,,,,,,,,,,,,,,,,,,,,,,,,,,,,,,,,,,,,,,,,,,,,,,,,,,,,,,,,,,,,,,,,,,,,,,,,,,,,,,,,,,,,,,,,,,,,
7.,Сезонность,—,оценка,по,месяцам,Декабрь,4/5,Экспертная,туристическая,оценка,,не,метеорологический,показатель,,,,,,,,,,,,,,,,,,,,,,,,,,,,,,,,,,,,,,,,,,,,,,,,,,,,,,,,,,,,,,,,,,,,,,,,,,,,,,,,,,,,,,,,,,,,,,,,,,,,,,,,,,,,,,,
8.,Транспортная,доступность,Авиасообщение,через,аэропорты,Московского,авиационного,узла,,,,,,,,,,,,,,,,,,,,,,,,,,,,,,,,,,,,,,,,,,,,,,,,,,,,,,,,,,,,,,,,,,,,,,,,,,,,,,,,,,,,,,,,,,,,,,,,,,,,,,,,,,,,,,,,,,,,,
8.,Транспортная,доступность,Железнодорожное,сообщение,"очень развито; пригородные поезда, МЦД и железнодорожные направления связывают значительную часть области с Москвой",,,,,,,,,,,,,,,,,,,,,,,,,,,,,,,,,,,,,,,,,,,,,,,,,,,,,,,,,,,,,,,,,,,,,,,,,,,,,,,,,,,,,,,,,,,,,,,,,,,,,,,,,,,,,,,,,,,,,,,,
8.,Транспортная,доступность,Доступность,по,автодорогам,высокая,Развитая,дорожная,сеть,,но,время,в,пути,сильно,зависит,от,направления,и,загруженности,,,,,,,,,,,,,,,,,,,,,,,,,,,,,,,,,,,,,,,,,,,,,,,,,,,,,,,,,,,,,,,,,,,,,,,,,,,,,,,,,,,,,,,,,,,,,,,,,,,,,,,,,
8.,Транспортная,доступность,Общественный,транспорт,внутри,региона,средний / высокий; существенно различается по муниципалитетам,,,,,,,,,,,,,,,,,,,,,,,,,,,,,,,,,,,,,,,,,,,,,,,,,,,,,,,,,,,,,,,,,,,,,,,,,,,,,,,,,,,,,,,,,,,,,,,,,,,,,,,,,,,,,,,,,,,,,,
8.,Транспортная,доступность,МЦД,да; обслуживает часть населённых пунктов области,,,,,,,,,,,,,,,,,,,,,,,,,,,,,,,,,,,,,,,,,,,,,,,,,,,,,,,,,,,,,,,,,,,,,,,,,,,,,,,,,,,,,,,,,,,,,,,,,,,,,,,,,,,,,,,,,,,,,,,,,
8.,Транспортная,доступность,Такси,высокая доступность в городах и ближнем Подмосковье; ниже в удалённых территориях,,,,,,,,,,,,,,,,,,,,,,,,,,,,,,,,,,,,,,,,,,,,,,,,,,,,,,,,,,,,,,,,,,,,,,,,,,,,,,,,,,,,,,,,,,,,,,,,,,,,,,,,,,,,,,,,,,,,,,,,,
8.,Транспортная,доступность,Каршеринг,частично,Зона,использования,зависит,от,оператора,и,конкретной,территории,,,,,,,,,,,,,,,,,,,,,,,,,,,,,,,,,,,,,,,,,,,,,,,,,,,,,,,,,,,,,,,,,,,,,,,,,,,,,,,,,,,,,,,,,,,,,,,,,,,,,,,,,,,,,,,,,
8.,Транспортная,доступность,Нужен,автомобиль,туристу,желателен,,но,не,обязателен,Для,части,загородных,и,природных,маршрутов,автомобиль,существенно,повышает,доступность,,,,,,,,,,,,,,,,,,,,,,,,,,,,,,,,,,,,,,,,,,,,,,,,,,,,,,,,,,,,,,,,,,,,,,,,,,,,,,,,,,,,,,,,,,,,,,,,,,,,,,,,,
9.,Портрет,поездки,С,детьми,да,,,,,,,,,,,,,,,,,,,,,,,,,,,,,,,,,,,,,,,,,,,,,,,,,,,,,,,,,,,,,,,,,,,,,,,,,,,,,,,,,,,,,,,,,,,,,,,,,,,,,,,,,,,,,,,,,,,,,,,,
9.,Портрет,поездки,Для,пары,да,,,,,,,,,,,,,,,,,,,,,,,,,,,,,,,,,,,,,,,,,,,,,,,,,,,,,,,,,,,,,,,,,,,,,,,,,,,,,,,,,,,,,,,,,,,,,,,,,,,,,,,,,,,,,,,,,,,,,,,,
9.,Портрет,поездки,С,друзьями,да,,,,,,,,,,,,,,,,,,,,,,,,,,,,,,,,,,,,,,,,,,,,,,,,,,,,,,,,,,,,,,,,,,,,,,,,,,,,,,,,,,,,,,,,,,,,,,,,,,,,,,,,,,,,,,,,,,,,,,,,
9.,Портрет,поездки,Соло,да,,,,,,,,,,,,,,,,,,,,,,,,,,,,,,,,,,,,,,,,,,,,,,,,,,,,,,,,,,,,,,,,,,,,,,,,,,,,,,,,,,,,,,,,,,,,,,,,,,,,,,,,,,,,,,,,,,,,,,,,,
9.,Портрет,поездки,Для,пожилых,туристов,да,,,,,,,,,,,,,,,,,,,,,,,,,,,,,,,,,,,,,,,,,,,,,,,,,,,,,,,,,,,,,,,,,,,,,,,,,,,,,,,,,,,,,,,,,,,,,,,,,,,,,,,,,,,,,,,,,,,,,,,
9.,Портрет,поездки,Для,маломобильных,туристов,частично,Доступность,сильно,зависит,от,конкретного,города,,средства,размещения,и,маршрута,,,,,,,,,,,,,,,,,,,,,,,,,,,,,,,,,,,,,,,,,,,,,,,,,,,,,,,,,,,,,,,,,,,,,,,,,,,,,,,,,,,,,,,,,,,,,,,,,,,,,,,,,,,,
9.,Портрет,поездки,Ценовой,уровень,поездки,"средний; возможны как бюджетный, так и премиальный форматы",Для,алгоритмов,используется,отдельный,budget_level,,,,,,,,,,,,,,,,,,,,,,,,,,,,,,,,,,,,,,,,,,,,,,,,,,,,,,,,,,,,,,,,,,,,,,,,,,,,,,,,,,,,,,,,,,,,,,,,,,,,,,,,,,,,,,,,,,
9.,Портрет,поездки,Формат,поездки,поездка на день; уикенд; короткая поездка; загородный отпуск,,,,,,,,,,,,,,,,,,,,,,,,,,,,,,,,,,,,,,,,,,,,,,,,,,,,,,,,,,,,,,,,,,,,,,,,,,,,,,,,,,,,,,,,,,,,,,,,,,,,,,,,,,,,,,,,,,,,,,,,
9.,Портрет,поездки,Подходит,для,спокойного,отдыха,да,,,,,,,,,,,,,,,,,,,,,,,,,,,,,,,,,,,,,,,,,,,,,,,,,,,,,,,,,,,,,,,,,,,,,,,,,,,,,,,,,,,,,,,,,,,,,,,,,,,,,,,,,,,,,,,,,,,,,,
10.,Технические,признаки,backend,/,ML,region_id,50,Код,субъекта,РФ,,,,,,,,,,,,,,,,,,,,,,,,,,,,,,,,,,,,,,,,,,,,,,,,,,,,,,,,,,,,,,,,,,,,,,,,,,,,,,,,,,,,,,,,,,,,,,,,,,,,,,,,,,,,,,,,,,,
10.,Технические,признаки,backend,/,ML,region_slug,moscow-oblast,Стабильный,URL/backend,identifier,,,,,,,,,,,,,,,,,,,,,,,,,,,,,,,,,,,,,,,,,,,,,,,,,,,,,,,,,,,,,,,,,,,,,,,,,,,,,,,,,,,,,,,,,,,,,,,,,,,,,,,,,,,,,,,,,,,
10.,Технические,признаки,backend,/,ML,federal_district_code,cfo,Центральный,федеральный,округ,,,,,,,,,,,,,,,,,,,,,,,,,,,,,,,,,,,,,,,,,,,,,,,,,,,,,,,,,,,,,,,,,,,,,,,,,,,,,,,,,,,,,,,,,,,,,,,,,,,,,,,,,,,,,,,,,,,
10.,Технические,признаки,backend,/,ML,economic_region_code,central,,,,,,,,,,,,,,,,,,,,,,,,,,,,,,,,,,,,,,,,,,,,,,,,,,,,,,,,,,,,,,,,,,,,,,,,,,,,,,,,,,,,,,,,,,,,,,,,,,,,,,,,,,,,,,,,,,,,,,
10.,Технические,признаки,backend,/,ML,is_city_region,false,,,,,,,,,,,,,,,,,,,,,,,,,,,,,,,,,,,,,,,,,,,,,,,,,,,,,,,,,,,,,,,,,,,,,,,,,,,,,,,,,,,,,,,,,,,,,,,,,,,,,,,,,,,,,,,,,,,,,,
10.,Технические,признаки,backend,/,ML,is_capital,false,,,,,,,,,,,,,,,,,,,,,,,,,,,,,,,,,,,,,,,,,,,,,,,,,,,,,,,,,,,,,,,,,,,,,,,,,,,,,,,,,,,,,,,,,,,,,,,,,,,,,,,,,,,,,,,,,,,,,,
10.,Технические,признаки,backend,/,ML,car_required,preferred,Автомобиль,желателен,для,части,сценариев,,но,не,обязателен,,,,,,,,,,,,,,,,,,,,,,,,,,,,,,,,,,,,,,,,,,,,,,,,,,,,,,,,,,,,,,,,,,,,,,,,,,,,,,,,,,,,,,,,,,,,,,,,,,,,,,,,,,,,,
10.,Технические,признаки,backend,/,ML,year_round,true,,,,,,,,,,,,,,,,,,,,,,,,,,,,,,,,,,,,,,,,,,,,,,,,,,,,,,,,,,,,,,,,,,,,,,,,,,,,,,,,,,,,,,,,,,,,,,,,,,,,,,,,,,,,,,,,,,,,,,
10.,Технические,признаки,backend,/,ML,recommended_trip_days_min,1,,,,,,,,,,,,,,,,,,,,,,,,,,,,,,,,,,,,,,,,,,,,,,,,,,,,,,,,,,,,,,,,,,,,,,,,,,,,,,,,,,,,,,,,,,,,,,,,,,,,,,,,,,,,,,,,,,,,,,
10.,Технические,признаки,backend,/,ML,recommended_trip_days_max,4,,,,,,,,,,,,,,,,,,,,,,,,,,,,,,,,,,,,,,,,,,,,,,,,,,,,,,,,,,,,,,,,,,,,,,,,,,,,,,,,,,,,,,,,,,,,,,,,,,,,,,,,,,,,,,,,,,,,,,
10.,Технические,признаки,backend,/,ML,tourism_score_city,3,0–5; экспертный признак,,,,,,,,,,,,,,,,,,,,,,,,,,,,,,,,,,,,,,,,,,,,,,,,,,,,,,,,,,,,,,,,,,,,,,,,,,,,,,,,,,,,,,,,,,,,,,,,,,,,,,,,,,,,,,,,,,,,,
10.,Технические,признаки,backend,/,ML,tourism_score_culture,4,0–5; экспертный признак,,,,,,,,,,,,,,,,,,,,,,,,,,,,,,,,,,,,,,,,,,,,,,,,,,,,,,,,,,,,,,,,,,,,,,,,,,,,,,,,,,,,,,,,,,,,,,,,,,,,,,,,,,,,,,,,,,,,,
10.,Технические,признаки,backend,/,ML,tourism_score_family,5,0–5; экспертный признак,,,,,,,,,,,,,,,,,,,,,,,,,,,,,,,,,,,,,,,,,,,,,,,,,,,,,,,,,,,,,,,,,,,,,,,,,,,,,,,,,,,,,,,,,,,,,,,,,,,,,,,,,,,,,,,,,,,,,
10.,Технические,признаки,backend,/,ML,tourism_score_food,3,0–5; экспертный признак,,,,,,,,,,,,,,,,,,,,,,,,,,,,,,,,,,,,,,,,,,,,,,,,,,,,,,,,,,,,,,,,,,,,,,,,,,,,,,,,,,,,,,,,,,,,,,,,,,,,,,,,,,,,,,,,,,,,,
10.,Технические,признаки,backend,/,ML,tourism_score_events,3,0–5; экспертный признак,,,,,,,,,,,,,,,,,,,,,,,,,,,,,,,,,,,,,,,,,,,,,,,,,,,,,,,,,,,,,,,,,,,,,,,,,,,,,,,,,,,,,,,,,,,,,,,,,,,,,,,,,,,,,,,,,,,,,
10.,Технические,признаки,backend,/,ML,tourism_score_business,3,0–5; экспертный признак,,,,,,,,,,,,,,,,,,,,,,,,,,,,,,,,,,,,,,,,,,,,,,,,,,,,,,,,,,,,,,,,,,,,,,,,,,,,,,,,,,,,,,,,,,,,,,,,,,,,,,,,,,,,,,,,,,,,,
10.,Технические,признаки,backend,/,ML,tourism_score_nature,5,0–5; экспертный признак,,,,,,,,,,,,,,,,,,,,,,,,,,,,,,,,,,,,,,,,,,,,,,,,,,,,,,,,,,,,,,,,,,,,,,,,,,,,,,,,,,,,,,,,,,,,,,,,,,,,,,,,,,,,,,,,,,,,,
10.,Технические,признаки,backend,/,ML,tourism_score_active,4,0–5; экспертный признак,,,,,,,,,,,,,,,,,,,,,,,,,,,,,,,,,,,,,,,,,,,,,,,,,,,,,,,,,,,,,,,,,,,,,,,,,,,,,,,,,,,,,,,,,,,,,,,,,,,,,,,,,,,,,,,,,,,,,
10.,Технические,признаки,backend,/,ML,tourism_score_beach,2,"0–5; водный отдых возможен, но регион не является классическим пляжным направлением",,,,,,,,,,,,,,,,,,,,,,,,,,,,,,,,,,,,,,,,,,,,,,,,,,,,,,,,,,,,,,,,,,,,,,,,,,,,,,,,,,,,,,,,,,,,,,,,,,,,,,,,,,,,,,,,,,,,,
10.,Технические,признаки,backend,/,ML,tourism_score_winter,4,0–5; экспертный признак,,,,,,,,,,,,,,,,,,,,,,,,,,,,,,,,,,,,,,,,,,,,,,,,,,,,,,,,,,,,,,,,,,,,,,,,,,,,,,,,,,,,,,,,,,,,,,,,,,,,,,,,,,,,,,,,,,,,,
10.,Технические,признаки,backend,/,ML,accessibility_score,5,0–5,,,,,,,,,,,,,,,,,,,,,,,,,,,,,,,,,,,,,,,,,,,,,,,,,,,,,,,,,,,,,,,,,,,,,,,,,,,,,,,,,,,,,,,,,,,,,,,,,,,,,,,,,,,,,,,,,,,,,
10.,Технические,признаки,backend,/,ML,public_transport_score,4,0–5,,,,,,,,,,,,,,,,,,,,,,,,,,,,,,,,,,,,,,,,,,,,,,,,,,,,,,,,,,,,,,,,,,,,,,,,,,,,,,,,,,,,,,,,,,,,,,,,,,,,,,,,,,,,,,,,,,,,,
10.,Технические,признаки,backend,/,ML,infrastructure_score,4,0–5,,,,,,,,,,,,,,,,,,,,,,,,,,,,,,,,,,,,,,,,,,,,,,,,,,,,,,,,,,,,,,,,,,,,,,,,,,,,,,,,,,,,,,,,,,,,,,,,,,,,,,,,,,,,,,,,,,,,,
10.,Технические,признаки,backend,/,ML,budget_level,3,1=низкий,бюджет,,5=дорогой,регион,,,,,,,,,,,,,,,,,,,,,,,,,,,,,,,,,,,,,,,,,,,,,,,,,,,,,,,,,,,,,,,,,,,,,,,,,,,,,,,,,,,,,,,,,,,,,,,,,,,,,,,,,,,,,,,,,
10.,Технические,признаки,backend,/,ML,seasonality_score,5,0–5; 5 = подходит круглый год,,,,,,,,,,,,,,,,,,,,,,,,,,,,,,,,,,,,,,,,,,,,,,,,,,,,,,,,,,,,,,,,,,,,,,,,,,,,,,,,,,,,,,,,,,,,,,,,,,,,,,,,,,,,,,,,,,,,,
11.,Поисковые,ключевые,слова,search_keywords,московская,область,,подмосковье,,центральная,россия,,европейская,часть,,отдых,рядом,с,москвой,,выходные,,поездка,на,день,,уикенд,,загородный,отдых,,семейный,отдых,,отдых,с,детьми,,отдых,для,пары,,природный,туризм,,активный,отдых,,оздоровительный,отдых,,санатории,,загородные,отели,,парк-отели,,базы,отдыха,,глэмпинг,,коттеджи,,леса,,смешанные,леса,,реки,,озёра,,водохранилища,,ока,,москва-река,,клязьма,,истринское,водохранилище,,можайское,водохранилище,,мещёра,,приокско-террасный,заповедник,,рыбалка,,водный,отдых,,лыжи,,зимний,отдых,,летний,отдых,,золотая,осень,,круглогодичный,туризм,,автомобильное,путешествие,,электрички,,мцд,Для,полнотекстового,поиска,и,расширения,пользовательского,запроса
12.,Семантические,теги,semantic_tags,suburban,,recreation,,nature,,family,,couple,,solo,,weekend,,day_trip,,short_trip,,country_hotel,,wellness,,active,,forest,,lake,,river,,reservoir,,fishing,,winter,,summer,,year_round,,car_preferred,,public_transport,,medium_budget,,high_accessibility,Нормализованные теги для рекомендаций/ML; желательно хранить как массив в БД,,,,,,,,,,,,,,,,,,,,,,,,,,,,,,,,,,,,,,,,,,,,,,,,,,,,,,,,,,,,,,,,,,,,,,,,,,
