Раздел,Параметр,Значение,Комментарий,,,,,,,,,,,,,,,,,,,,,,,,,,,,,,,,,,,,,,,,,,,,,,,,,,,,,,,,,,,,,,,,,,,,,,,,,,,,,,,,,,,,,,,,,,,,,,,,
1.,Общая,информация,Название,Москва,,,,,,,,,,,,,,,,,,,,,,,,,,,,,,,,,,,,,,,,,,,,,,,,,,,,,,,,,,,,,,,,,,,,,,,,,,,,,,,,,,,,,,,,,,,,,,,
1.,Общая,информация,Тип,город федерального значения; столица Российской Федерации,,,,,,,,,,,,,,,,,,,,,,,,,,,,,,,,,,,,,,,,,,,,,,,,,,,,,,,,,,,,,,,,,,,,,,,,,,,,,,,,,,,,,,,,,,,,,,,
1.,Общая,информация,Экономический,район,Центральный,,,,,,,,,,,,,,,,,,,,,,,,,,,,,,,,,,,,,,,,,,,,,,,,,,,,,,,,,,,,,,,,,,,,,,,,,,,,,,,,,,,,,,,,,,,,,,
1.,Общая,информация,Федеральный,округ,Центральный,,,,,,,,,,,,,,,,,,,,,,,,,,,,,,,,,,,,,,,,,,,,,,,,,,,,,,,,,,,,,,,,,,,,,,,,,,,,,,,,,,,,,,,,,,,,,,
1.,Общая,информация,Административный,центр,Москва,,,,,,,,,,,,,,,,,,,,,,,,,,,,,,,,,,,,,,,,,,,,,,,,,,,,,,,,,,,,,,,,,,,,,,,,,,,,,,,,,,,,,,,,,,,,,,
1.,Общая,информация,Площадь,≈,2,561,км²,,,,,,,,,,,,,,,,,,,,,,,,,,,,,,,,,,,,,,,,,,,,,,,,,,,,,,,,,,,,,,,,,,,,,,,,,,,,,,,,,,,,,,,,,,,,
1.,Общая,информация,Население,около,13,3,млн,человек,,,,,,,,,,,,,,,,,,,,,,,,,,,,,,,,,,,,,,,,,,,,,,,,,,,,,,,,,,,,,,,,,,,,,,,,,,,,,,,,,,,,,,,,,,,
1.,Общая,информация,Географическое,положение,"центр Европейской части России, в междуречье Волги и Оки; почти со всех сторон окружена Московской областью",,,,,,,,,,,,,,,,,,,,,,,,,,,,,,,,,,,,,,,,,,,,,,,,,,,,,,,,,,,,,,,,,,,,,,,,,,,,,,,,,,,,,,,,,,,,,,
1.,Общая,информация,Часовой,пояс,MSK,(UTC+3),,,,,,,,,,,,,,,,,,,,,,,,,,,,,,,,,,,,,,,,,,,,,,,,,,,,,,,,,,,,,,,,,,,,,,,,,,,,,,,,,,,,,,,,,,,,,
1.,Общая,информация,Выход,к,морю,нет,,,,,,,,,,,,,,,,,,,,,,,,,,,,,,,,,,,,,,,,,,,,,,,,,,,,,,,,,,,,,,,,,,,,,,,,,,,,,,,,,,,,,,,,,,,,,
1.,Общая,информация,Выход,к,океану,нет,,,,,,,,,,,,,,,,,,,,,,,,,,,,,,,,,,,,,,,,,,,,,,,,,,,,,,,,,,,,,,,,,,,,,,,,,,,,,,,,,,,,,,,,,,,,,
2.,Визитная,карточка,/,описание,Описание,Главный,мегаполис,России,—,город,,где,многовековая,история,соседствует,с,крупнейшим,деловым,,научным,,культурным,и,транспортным,центром,страны.,Москва,сочетает,историческую,городскую,среду,,масштабные,парки,и,набережные,Москвы-реки,с,современной,архитектурой,,насыщенной,культурной,жизнью,и,развитой,инфраструктурой.,Это,самостоятельный,субъект,Российской,Федерации,и,один,из,крупнейших,городов,Европы.,,,,,,,,,,,,,,,,,,,,,,,,,,,,,,,,,,,,,,,,,
3.,Природа,и,ландшафт,Тип,местности,слабохолмистая,равнина,,речные,долины,,урбанизированные,территории,,крупные,лесопарки,,,,,,,,,,,,,,,,,,,,,,,,,,,,,,,,,,,,,,,,,,,,,,,,,,,,,,,,,,,,,,,,,,,,,,,,,,,,,,,,,,,
3.,Природа,и,ландшафт,Возвышенности,Теплостанская возвышенность; Воробьёвы горы — высокий правый берег Москвы-реки,,,,,,,,,,,,,,,,,,,,,,,,,,,,,,,,,,,,,,,,,,,,,,,,,,,,,,,,,,,,,,,,,,,,,,,,,,,,,,,,,,,,,,,,,,,,,,
3.,Природа,и,ландшафт,Леса,крупные,лесные,и,лесопарковые,массивы:,Лосиный,Остров,,Битцевский,лес,,Серебряный,Бор,,Измайловский,лес,,Тропарёвский,лесопарк,,,,,,,,,,,,,,,,,,,,,,,,,,,,,,,,,,,,,,,,,,,,,,,,,,,,,,,,,,,,,,,,,,,,,,,,,,,,
3.,Природа,и,ландшафт,Реки,"Москва-река, Яуза, Сетунь, Сходня и другие; в городе насчитываются десятки рек и крупных ручьёв",,,,,,,,,,,,,,,,,,,,,,,,,,,,,,,,,,,,,,,,,,,,,,,,,,,,,,,,,,,,,,,,,,,,,,,,,,,,,,,,,,,,,,,,,,,,,,
3.,Природа,и,ландшафт,Озёра,и,пруды,Косинские,озёра,,Большой,и,Малый,Головинские,пруды,,Большой,Садовый,пруд,и,многочисленные,городские,пруды,,,,,,,,,,,,,,,,,,,,,,,,,,,,,,,,,,,,,,,,,,,,,,,,,,,,,,,,,,,,,,,,,,,,,,,,,,,,,
3.,Природа,и,ландшафт,Моря,нет,,,,,,,,,,,,,,,,,,,,,,,,,,,,,,,,,,,,,,,,,,,,,,,,,,,,,,,,,,,,,,,,,,,,,,,,,,,,,,,,,,,,,,,,,,,,,,
3.,Природа,и,ландшафт,Особые,природные,объекты,национальный,парк,«Лосиный,Остров»,,природно-исторические,парки,,Воробьёвы,горы,,Серебряный,Бор,,долины,Москвы-реки,и,Яузы,,,,,,,,,,,,,,,,,,,,,,,,,,,,,,,,,,,,,,,,,,,,,,,,,,,,,,,,,,,,,,,,,,,,,,,,,,,
4.,Климат,Январь,температура -9.3 °C; осадки 42 мм; солнечных дней ≈ 3,Морозно,,устойчивый,снежный,покров,,короткий,световой,день,,,,,,,,,,,,,,,,,,,,,,,,,,,,,,,,,,,,,,,,,,,,,,,,,,,,,,,,,,,,,,,,,,,,,,,,,,,,,,,,,,,,,,,
4.,Климат,Февраль,температура -7.7 °C; осадки 36 мм; солнечных дней ≈ 4,"Морозно, много снега; солнца становится заметно больше",,,,,,,,,,,,,,,,,,,,,,,,,,,,,,,,,,,,,,,,,,,,,,,,,,,,,,,,,,,,,,,,,,,,,,,,,,,,,,,,,,,,,,,,,,,,,,,
4.,Климат,Март,температура -2.2 °C; осадки 34 мм; солнечных дней ≈ 7,Оттепели,чередуются,с,морозами,,начинается,снеготаяние,,,,,,,,,,,,,,,,,,,,,,,,,,,,,,,,,,,,,,,,,,,,,,,,,,,,,,,,,,,,,,,,,,,,,,,,,,,,,,,,,,,,,,,,,
4.,Климат,Апрель,температура +5.8 °C; осадки 44 мм; солнечных дней ≈ 10,Быстрое,потепление,,сход,снега,,переменчивая,погода,,,,,,,,,,,,,,,,,,,,,,,,,,,,,,,,,,,,,,,,,,,,,,,,,,,,,,,,,,,,,,,,,,,,,,,,,,,,,,,,,,,,,,,,
4.,Климат,Май,температура +13.1 °C; осадки 51 мм; солнечных дней ≈ 15,Тёплая,весна,,активное,озеленение,,возможны,возвратные,похолодания,,,,,,,,,,,,,,,,,,,,,,,,,,,,,,,,,,,,,,,,,,,,,,,,,,,,,,,,,,,,,,,,,,,,,,,,,,,,,,,,,,,,,,,
4.,Климат,Июнь,температура +16.6 °C; осадки 75 мм; солнечных дней ≈ 16,Тёпло,,длинный,световой,день,,нередки,ливни,и,грозы,,,,,,,,,,,,,,,,,,,,,,,,,,,,,,,,,,,,,,,,,,,,,,,,,,,,,,,,,,,,,,,,,,,,,,,,,,,,,,,,,,,,,,
4.,Климат,Июль,температура +18.2 °C; осадки 94 мм; солнечных дней ≈ 17,Самый,тёплый,и,в,среднем,самый,влажный,месяц,,возможны,грозы,и,жара,,,,,,,,,,,,,,,,,,,,,,,,,,,,,,,,,,,,,,,,,,,,,,,,,,,,,,,,,,,,,,,,,,,,,,,,,,,,,,,,,,,
4.,Климат,Август,температура +16.4 °C; осадки 77 мм; солнечных дней ≈ 16,Тёплый,конец,лета,,ночи,постепенно,прохладнее,,,,,,,,,,,,,,,,,,,,,,,,,,,,,,,,,,,,,,,,,,,,,,,,,,,,,,,,,,,,,,,,,,,,,,,,,,,,,,,,,,,,,,,,,
4.,Климат,Сентябрь,температура +11.0 °C; осадки 65 мм; солнечных дней ≈ 11,Мягкое,начало,осени,,во,второй,половине,заметно,холодает,,,,,,,,,,,,,,,,,,,,,,,,,,,,,,,,,,,,,,,,,,,,,,,,,,,,,,,,,,,,,,,,,,,,,,,,,,,,,,,,,,,,,,,
4.,Климат,Октябрь,температура +5.1 °C; осадки 59 мм; солнечных дней ≈ 7,Прохладно,и,пасмурно,,часты,дожди,,возможен,первый,снег,,,,,,,,,,,,,,,,,,,,,,,,,,,,,,,,,,,,,,,,,,,,,,,,,,,,,,,,,,,,,,,,,,,,,,,,,,,,,,,,,,,,,,
4.,Климат,Ноябрь,температура -1.2 °C; осадки 58 мм; солнечных дней ≈ 3,Переход,к,зиме,,мокрый,снег,и,первые,устойчивые,морозы,,,,,,,,,,,,,,,,,,,,,,,,,,,,,,,,,,,,,,,,,,,,,,,,,,,,,,,,,,,,,,,,,,,,,,,,,,,,,,,,,,,,,,
4.,Климат,Декабрь,температура -6.1 °C; осадки 56 мм; солнечных дней ≈ 2,Зимняя,погода,,снежный,покров,,минимум,солнечного,сияния,,,,,,,,,,,,,,,,,,,,,,,,,,,,,,,,,,,,,,,,,,,,,,,,,,,,,,,,,,,,,,,,,,,,,,,,,,,,,,,,,,,,,,,
4.,Климат,—,дополнительно,Тип,климата,умеренно-континентальный,,с,выраженной,сезонностью,,,,,,,,,,,,,,,,,,,,,,,,,,,,,,,,,,,,,,,,,,,,,,,,,,,,,,,,,,,,,,,,,,,,,,,,,,,,,,,,,,,,,,,,,
4.,Климат,—,дополнительно,Среднегодовая,температура,около,6,°C,,,,,,,,,,,,,,,,,,,,,,,,,,,,,,,,,,,,,,,,,,,,,,,,,,,,,,,,,,,,,,,,,,,,,,,,,,,,,,,,,,,,,,,,,,,
4.,Климат,—,дополнительно,Абсолютный,минимум,около,−42,°C,,,,,,,,,,,,,,,,,,,,,,,,,,,,,,,,,,,,,,,,,,,,,,,,,,,,,,,,,,,,,,,,,,,,,,,,,,,,,,,,,,,,,,,,,,,
4.,Климат,—,дополнительно,Абсолютный,максимум,около,38,°C,,,,,,,,,,,,,,,,,,,,,,,,,,,,,,,,,,,,,,,,,,,,,,,,,,,,,,,,,,,,,,,,,,,,,,,,,,,,,,,,,,,,,,,,,,,
4.,Климат,—,дополнительно,Среднегодовые,осадки,примерно,700,мм,,,,,,,,,,,,,,,,,,,,,,,,,,,,,,,,,,,,,,,,,,,,,,,,,,,,,,,,,,,,,,,,,,,,,,,,,,,,,,,,,,,,,,,,,,,
4.,Климат,—,дополнительно,Влажность,в среднем повышенная; максимум относительной влажности приходится на холодный сезон,,,,,,,,,,,,,,,,,,,,,,,,,,,,,,,,,,,,,,,,,,,,,,,,,,,,,,,,,,,,,,,,,,,,,,,,,,,,,,,,,,,,,,,,,,,,,,
4.,Климат,—,дополнительно,Лето,умеренно тёплое; возможны периоды жары,,,,,,,,,,,,,,,,,,,,,,,,,,,,,,,,,,,,,,,,,,,,,,,,,,,,,,,,,,,,,,,,,,,,,,,,,,,,,,,,,,,,,,,,,,,,,,
4.,Климат,—,дополнительно,Зима,умеренно,холодная,,снежная,,с,частыми,оттепелями,,,,,,,,,,,,,,,,,,,,,,,,,,,,,,,,,,,,,,,,,,,,,,,,,,,,,,,,,,,,,,,,,,,,,,,,,,,,,,,,,,,,,,,
5.,Туристическая,инфраструктура,Где,жить,"от хостелов и апартаментов до гостиниц 5★; широкий выбор в центре и рядом со станциями метро, МЦК и МЦД",,,,,,,,,,,,,,,,,,,,,,,,,,,,,,,,,,,,,,,,,,,,,,,,,,,,,,,,,,,,,,,,,,,,,,,,,,,,,,,,,,,,,,,,,,,,,,
5.,Туристическая,инфраструктура,Общественное,питание,очень,развито:,широкий,выбор,заведений,разных,форматов,и,ценовых,категорий,,,,,,,,,,,,,,,,,,,,,,,,,,,,,,,,,,,,,,,,,,,,,,,,,,,,,,,,,,,,,,,,,,,,,,,,,,,,,,,,,,,,,
5.,Туристическая,инфраструктура,Туристические,сервисы,высокий,уровень:,экскурсионные,сервисы,,туристические,центры,,онлайн-бронирование,,городские,цифровые,сервисы,,,,,,,,,,,,,,,,,,,,,,,,,,,,,,,,,,,,,,,,,,,,,,,,,,,,,,,,,,,,,,,,,,,,,,,,,,,,,,,,,,
5.,Туристическая,инфраструктура,Информационная,доступность,высокая:,навигация,,мобильные,карты,,сайты,и,приложения,городских,и,транспортных,сервисов,,,,,,,,,,,,,,,,,,,,,,,,,,,,,,,,,,,,,,,,,,,,,,,,,,,,,,,,,,,,,,,,,,,,,,,,,,,,,,,,,,
6.,Туристический,профиль,Основной,тип,туризма,городской,,,,,,,,,,,,,,,,,,,,,,,,,,,,,,,,,,,,,,,,,,,,,,,,,,,,,,,,,,,,,,,,,,,,,,,,,,,,,,,,,,,,,,,,,,,,,
6.,Туристический,профиль,Дополнительные,типы,туризма,культурный,,событийный,,деловой,,гастрономический,,семейный,,образовательный,,,,,,,,,,,,,,,,,,,,,,,,,,,,,,,,,,,,,,,,,,,,,,,,,,,,,,,,,,,,,,,,,,,,,,,,,,,,,,,,,,,
6.,Туристический,профиль,Темп,/,интенсивность,отдыха,средняя–высокая,Типичный сценарий — насыщенная городская программа; интенсивность легко адаптировать под пользователя,,,,,,,,,,,,,,,,,,,,,,,,,,,,,,,,,,,,,,,,,,,,,,,,,,,,,,,,,,,,,,,,,,,,,,,,,,,,,,,,,,,,,,,,,,,
6.,Туристический,профиль,Оптимальная,длительность,поездки,2–5,дней,,,,,,,,,,,,,,,,,,,,,,,,,,,,,,,,,,,,,,,,,,,,,,,,,,,,,,,,,,,,,,,,,,,,,,,,,,,,,,,,,,,,,,,,,,,,
6.,Туристический,профиль,Подходит,для,длительного,отпуска,скорее,да,,если,цель,—,насыщенная,культурно-городская,программа,,,,,,,,,,,,,,,,,,,,,,,,,,,,,,,,,,,,,,,,,,,,,,,,,,,,,,,,,,,,,,,,,,,,,,,,,,,,,,,,,,,,
6.,Туристический,профиль,Круглогодичность,да,,,,,,,,,,,,,,,,,,,,,,,,,,,,,,,,,,,,,,,,,,,,,,,,,,,,,,,,,,,,,,,,,,,,,,,,,,,,,,,,,,,,,,,,,,,,,,,
7.,Сезонность,Высокий,сезон,май–сентябрь; декабрь–начало января,,,,,,,,,,,,,,,,,,,,,,,,,,,,,,,,,,,,,,,,,,,,,,,,,,,,,,,,,,,,,,,,,,,,,,,,,,,,,,,,,,,,,,,,,,,,,,,
7.,Сезонность,Низкий,сезон,ноябрь; в меньшей степени март–апрель,,,,,,,,,,,,,,,,,,,,,,,,,,,,,,,,,,,,,,,,,,,,,,,,,,,,,,,,,,,,,,,,,,,,,,,,,,,,,,,,,,,,,,,,,,,,,,,
7.,Сезонность,Лучшие,месяцы,май,,июнь,,июль,,август,,сентябрь,,декабрь,,,,,,,,,,,,,,,,,,,,,,,,,,,,,,,,,,,,,,,,,,,,,,,,,,,,,,,,,,,,,,,,,,,,,,,,,,,,,,,,,,,,,
7.,Сезонность,Комфорт,летом,высокий,,,,,,,,,,,,,,,,,,,,,,,,,,,,,,,,,,,,,,,,,,,,,,,,,,,,,,,,,,,,,,,,,,,,,,,,,,,,,,,,,,,,,,,,,,,,,,,
7.,Сезонность,Комфорт,зимой,средний,/,высокий,,,,,,,,,,,,,,,,,,,,,,,,,,,,,,,,,,,,,,,,,,,,,,,,,,,,,,,,,,,,,,,,,,,,,,,,,,,,,,,,,,,,,,,,,,,,,
7.,Сезонность,Комфорт,в,межсезонье,средний,,,,,,,,,,,,,,,,,,,,,,,,,,,,,,,,,,,,,,,,,,,,,,,,,,,,,,,,,,,,,,,,,,,,,,,,,,,,,,,,,,,,,,,,,,,,,,
7.,Сезонность,Особенности,межсезонья,переменчивая,погода,,сырость,,дождь,,возможный,мокрый,снег,,,,,,,,,,,,,,,,,,,,,,,,,,,,,,,,,,,,,,,,,,,,,,,,,,,,,,,,,,,,,,,,,,,,,,,,,,,,,,,,,,,,,,
7.,Сезонность,—,оценка,по,месяцам,Январь,4/5,Экспертная,туристическая,оценка,,не,метеорологический,показатель,,,,,,,,,,,,,,,,,,,,,,,,,,,,,,,,,,,,,,,,,,,,,,,,,,,,,,,,,,,,,,,,,,,,,,,,,,,,,,,,,,,,,
7.,Сезонность,—,оценка,по,месяцам,Февраль,3/5,Экспертная,туристическая,оценка,,не,метеорологический,показатель,,,,,,,,,,,,,,,,,,,,,,,,,,,,,,,,,,,,,,,,,,,,,,,,,,,,,,,,,,,,,,,,,,,,,,,,,,,,,,,,,,,,,
7.,Сезонность,—,оценка,по,месяцам,Март,2/5,Экспертная,туристическая,оценка,,не,метеорологический,показатель,,,,,,,,,,,,,,,,,,,,,,,,,,,,,,,,,,,,,,,,,,,,,,,,,,,,,,,,,,,,,,,,,,,,,,,,,,,,,,,,,,,,,
7.,Сезонность,—,оценка,по,месяцам,Апрель,3/5,Экспертная,туристическая,оценка,,не,метеорологический,показатель,,,,,,,,,,,,,,,,,,,,,,,,,,,,,,,,,,,,,,,,,,,,,,,,,,,,,,,,,,,,,,,,,,,,,,,,,,,,,,,,,,,,,
7.,Сезонность,—,оценка,по,месяцам,Май,5/5,Экспертная,туристическая,оценка,,не,метеорологический,показатель,,,,,,,,,,,,,,,,,,,,,,,,,,,,,,,,,,,,,,,,,,,,,,,,,,,,,,,,,,,,,,,,,,,,,,,,,,,,,,,,,,,,,
7.,Сезонность,—,оценка,по,месяцам,Июнь,5/5,Экспертная,туристическая,оценка,,не,метеорологический,показатель,,,,,,,,,,,,,,,,,,,,,,,,,,,,,,,,,,,,,,,,,,,,,,,,,,,,,,,,,,,,,,,,,,,,,,,,,,,,,,,,,,,,,
7.,Сезонность,—,оценка,по,месяцам,Июль,5/5,Экспертная,туристическая,оценка,,не,метеорологический,показатель,,,,,,,,,,,,,,,,,,,,,,,,,,,,,,,,,,,,,,,,,,,,,,,,,,,,,,,,,,,,,,,,,,,,,,,,,,,,,,,,,,,,,
7.,Сезонность,—,оценка,по,месяцам,Август,5/5,Экспертная,туристическая,оценка,,не,метеорологический,показатель,,,,,,,,,,,,,,,,,,,,,,,,,,,,,,,,,,,,,,,,,,,,,,,,,,,,,,,,,,,,,,,,,,,,,,,,,,,,,,,,,,,,,
7.,Сезонность,—,оценка,по,месяцам,Сентябрь,5/5,Экспертная,туристическая,оценка,,не,метеорологический,показатель,,,,,,,,,,,,,,,,,,,,,,,,,,,,,,,,,,,,,,,,,,,,,,,,,,,,,,,,,,,,,,,,,,,,,,,,,,,,,,,,,,,,,
7.,Сезонность,—,оценка,по,месяцам,Октябрь,3/5,Экспертная,туристическая,оценка,,не,метеорологический,показатель,,,,,,,,,,,,,,,,,,,,,,,,,,,,,,,,,,,,,,,,,,,,,,,,,,,,,,,,,,,,,,,,,,,,,,,,,,,,,,,,,,,,,
7.,Сезонность,—,оценка,по,месяцам,Ноябрь,2/5,Экспертная,туристическая,оценка,,не,метеорологический,показатель,,,,,,,,,,,,,,,,,,,,,,,,,,,,,,,,,,,,,,,,,,,,,,,,,,,,,,,,,,,,,,,,,,,,,,,,,,,,,,,,,,,,,
7.,Сезонность,—,оценка,по,месяцам,Декабрь,5/5,Экспертная,туристическая,оценка,,не,метеорологический,показатель,,,,,,,,,,,,,,,,,,,,,,,,,,,,,,,,,,,,,,,,,,,,,,,,,,,,,,,,,,,,,,,,,,,,,,,,,,,,,,,,,,,,,
8.,Транспортная,доступность,Авиасообщение,да,,,,,,,,,,,,,,,,,,,,,,,,,,,,,,,,,,,,,,,,,,,,,,,,,,,,,,,,,,,,,,,,,,,,,,,,,,,,,,,,,,,,,,,,,,,,,,,
8.,Транспортная,доступность,Железнодорожное,сообщение,да,,,,,,,,,,,,,,,,,,,,,,,,,,,,,,,,,,,,,,,,,,,,,,,,,,,,,,,,,,,,,,,,,,,,,,,,,,,,,,,,,,,,,,,,,,,,,,
8.,Транспортная,доступность,Доступность,по,автодорогам,высокая,Доступность Москвы по федеральным и региональным автодорогам; не означает отсутствие пробок внутри города,,,,,,,,,,,,,,,,,,,,,,,,,,,,,,,,,,,,,,,,,,,,,,,,,,,,,,,,,,,,,,,,,,,,,,,,,,,,,,,,,,,,,,,,,,,,
8.,Транспортная,доступность,Общественный,транспорт,внутри,региона,очень,высокий,уровень,,,,,,,,,,,,,,,,,,,,,,,,,,,,,,,,,,,,,,,,,,,,,,,,,,,,,,,,,,,,,,,,,,,,,,,,,,,,,,,,,,,,,,,,,,
8.,Транспортная,доступность,Метро,да,,,,,,,,,,,,,,,,,,,,,,,,,,,,,,,,,,,,,,,,,,,,,,,,,,,,,,,,,,,,,,,,,,,,,,,,,,,,,,,,,,,,,,,,,,,,,,,
8.,Транспортная,доступность,МЦК,/,МЦД,да,,,,,,,,,,,,,,,,,,,,,,,,,,,,,,,,,,,,,,,,,,,,,,,,,,,,,,,,,,,,,,,,,,,,,,,,,,,,,,,,,,,,,,,,,,,,,
8.,Транспортная,доступность,Такси,высокая,доступность,,,,,,,,,,,,,,,,,,,,,,,,,,,,,,,,,,,,,,,,,,,,,,,,,,,,,,,,,,,,,,,,,,,,,,,,,,,,,,,,,,,,,,,,,,,,,,
8.,Транспортная,доступность,Каршеринг,да,,,,,,,,,,,,,,,,,,,,,,,,,,,,,,,,,,,,,,,,,,,,,,,,,,,,,,,,,,,,,,,,,,,,,,,,,,,,,,,,,,,,,,,,,,,,,,,
8.,Транспортная,доступность,Нужен,автомобиль,туристу,нет,,,,,,,,,,,,,,,,,,,,,,,,,,,,,,,,,,,,,,,,,,,,,,,,,,,,,,,,,,,,,,,,,,,,,,,,,,,,,,,,,,,,,,,,,,,,,
9.,Портрет,поездки,С,детьми,да,,,,,,,,,,,,,,,,,,,,,,,,,,,,,,,,,,,,,,,,,,,,,,,,,,,,,,,,,,,,,,,,,,,,,,,,,,,,,,,,,,,,,,,,,,,,,,
9.,Портрет,поездки,Для,пары,да,,,,,,,,,,,,,,,,,,,,,,,,,,,,,,,,,,,,,,,,,,,,,,,,,,,,,,,,,,,,,,,,,,,,,,,,,,,,,,,,,,,,,,,,,,,,,,
9.,Портрет,поездки,С,друзьями,да,,,,,,,,,,,,,,,,,,,,,,,,,,,,,,,,,,,,,,,,,,,,,,,,,,,,,,,,,,,,,,,,,,,,,,,,,,,,,,,,,,,,,,,,,,,,,,
9.,Портрет,поездки,Соло,да,,,,,,,,,,,,,,,,,,,,,,,,,,,,,,,,,,,,,,,,,,,,,,,,,,,,,,,,,,,,,,,,,,,,,,,,,,,,,,,,,,,,,,,,,,,,,,,
9.,Портрет,поездки,Для,пожилых,туристов,да,,,,,,,,,,,,,,,,,,,,,,,,,,,,,,,,,,,,,,,,,,,,,,,,,,,,,,,,,,,,,,,,,,,,,,,,,,,,,,,,,,,,,,,,,,,,,
9.,Портрет,поездки,Для,маломобильных,туристов,частично,/,преимущественно,удобно,в,современной,городской,инфраструктуре,,,,,,,,,,,,,,,,,,,,,,,,,,,,,,,,,,,,,,,,,,,,,,,,,,,,,,,,,,,,,,,,,,,,,,,,,,,,,,,,,,,,,,
9.,Портрет,поездки,Ценовой,уровень,поездки,выше среднего; бюджетный формат возможен,Пользовательское описание; для алгоритмов используется отдельный budget_level,,,,,,,,,,,,,,,,,,,,,,,,,,,,,,,,,,,,,,,,,,,,,,,,,,,,,,,,,,,,,,,,,,,,,,,,,,,,,,,,,,,,,,,,,,,,
9.,Портрет,поездки,Формат,поездки,уикенд; короткая поездка; полноценная городская поездка,,,,,,,,,,,,,,,,,,,,,,,,,,,,,,,,,,,,,,,,,,,,,,,,,,,,,,,,,,,,,,,,,,,,,,,,,,,,,,,,,,,,,,,,,,,,,,
9.,Портрет,поездки,Подходит,для,спокойного,отдыха,частично,Возможен,спокойный,формат,,но,основной,туристический,сценарий,Москвы,—,насыщенная,городская,программа,,,,,,,,,,,,,,,,,,,,,,,,,,,,,,,,,,,,,,,,,,,,,,,,,,,,,,,,,,,,,,,,,,,,,,,,,,,,,,,
10.,Технические,признаки,backend,/,ML,region_id,77,Код,субъекта,РФ,,,,,,,,,,,,,,,,,,,,,,,,,,,,,,,,,,,,,,,,,,,,,,,,,,,,,,,,,,,,,,,,,,,,,,,,,,,,,,,,,,,,,,,,,
10.,Технические,признаки,backend,/,ML,region_slug,moscow,Стабильный,URL/backend,identifier,,,,,,,,,,,,,,,,,,,,,,,,,,,,,,,,,,,,,,,,,,,,,,,,,,,,,,,,,,,,,,,,,,,,,,,,,,,,,,,,,,,,,,,,,
10.,Технические,признаки,backend,/,ML,federal_district_code,cfo,Центральный,федеральный,округ,,,,,,,,,,,,,,,,,,,,,,,,,,,,,,,,,,,,,,,,,,,,,,,,,,,,,,,,,,,,,,,,,,,,,,,,,,,,,,,,,,,,,,,,,
10.,Технические,признаки,backend,/,ML,economic_region_code,central,,,,,,,,,,,,,,,,,,,,,,,,,,,,,,,,,,,,,,,,,,,,,,,,,,,,,,,,,,,,,,,,,,,,,,,,,,,,,,,,,,,,,,,,,,,,
10.,Технические,признаки,backend,/,ML,is_city_region,true,,,,,,,,,,,,,,,,,,,,,,,,,,,,,,,,,,,,,,,,,,,,,,,,,,,,,,,,,,,,,,,,,,,,,,,,,,,,,,,,,,,,,,,,,,,,
10.,Технические,признаки,backend,/,ML,is_capital,true,,,,,,,,,,,,,,,,,,,,,,,,,,,,,,,,,,,,,,,,,,,,,,,,,,,,,,,,,,,,,,,,,,,,,,,,,,,,,,,,,,,,,,,,,,,,
10.,Технические,признаки,backend,/,ML,car_required,false,,,,,,,,,,,,,,,,,,,,,,,,,,,,,,,,,,,,,,,,,,,,,,,,,,,,,,,,,,,,,,,,,,,,,,,,,,,,,,,,,,,,,,,,,,,,
10.,Технические,признаки,backend,/,ML,year_round,true,,,,,,,,,,,,,,,,,,,,,,,,,,,,,,,,,,,,,,,,,,,,,,,,,,,,,,,,,,,,,,,,,,,,,,,,,,,,,,,,,,,,,,,,,,,,
10.,Технические,признаки,backend,/,ML,recommended_trip_days_min,2,,,,,,,,,,,,,,,,,,,,,,,,,,,,,,,,,,,,,,,,,,,,,,,,,,,,,,,,,,,,,,,,,,,,,,,,,,,,,,,,,,,,,,,,,,,,
10.,Технические,признаки,backend,/,ML,recommended_trip_days_max,5,,,,,,,,,,,,,,,,,,,,,,,,,,,,,,,,,,,,,,,,,,,,,,,,,,,,,,,,,,,,,,,,,,,,,,,,,,,,,,,,,,,,,,,,,,,,
10.,Технические,признаки,backend,/,ML,tourism_score_city,5,0–5; экспертный признак,,,,,,,,,,,,,,,,,,,,,,,,,,,,,,,,,,,,,,,,,,,,,,,,,,,,,,,,,,,,,,,,,,,,,,,,,,,,,,,,,,,,,,,,,,,
10.,Технические,признаки,backend,/,ML,tourism_score_culture,5,0–5; экспертный признак,,,,,,,,,,,,,,,,,,,,,,,,,,,,,,,,,,,,,,,,,,,,,,,,,,,,,,,,,,,,,,,,,,,,,,,,,,,,,,,,,,,,,,,,,,,
10.,Технические,признаки,backend,/,ML,tourism_score_family,5,0–5; экспертный признак,,,,,,,,,,,,,,,,,,,,,,,,,,,,,,,,,,,,,,,,,,,,,,,,,,,,,,,,,,,,,,,,,,,,,,,,,,,,,,,,,,,,,,,,,,,
10.,Технические,признаки,backend,/,ML,tourism_score_food,5,0–5; экспертный признак,,,,,,,,,,,,,,,,,,,,,,,,,,,,,,,,,,,,,,,,,,,,,,,,,,,,,,,,,,,,,,,,,,,,,,,,,,,,,,,,,,,,,,,,,,,
10.,Технические,признаки,backend,/,ML,tourism_score_events,5,0–5; экспертный признак,,,,,,,,,,,,,,,,,,,,,,,,,,,,,,,,,,,,,,,,,,,,,,,,,,,,,,,,,,,,,,,,,,,,,,,,,,,,,,,,,,,,,,,,,,,
10.,Технические,признаки,backend,/,ML,tourism_score_business,5,0–5; экспертный признак,,,,,,,,,,,,,,,,,,,,,,,,,,,,,,,,,,,,,,,,,,,,,,,,,,,,,,,,,,,,,,,,,,,,,,,,,,,,,,,,,,,,,,,,,,,
10.,Технические,признаки,backend,/,ML,tourism_score_nature,2,0–5; экспертный признак,,,,,,,,,,,,,,,,,,,,,,,,,,,,,,,,,,,,,,,,,,,,,,,,,,,,,,,,,,,,,,,,,,,,,,,,,,,,,,,,,,,,,,,,,,,
10.,Технические,признаки,backend,/,ML,tourism_score_active,3,0–5; экспертный признак,,,,,,,,,,,,,,,,,,,,,,,,,,,,,,,,,,,,,,,,,,,,,,,,,,,,,,,,,,,,,,,,,,,,,,,,,,,,,,,,,,,,,,,,,,,
10.,Технические,признаки,backend,/,ML,tourism_score_beach,0,0–5; экспертный признак,,,,,,,,,,,,,,,,,,,,,,,,,,,,,,,,,,,,,,,,,,,,,,,,,,,,,,,,,,,,,,,,,,,,,,,,,,,,,,,,,,,,,,,,,,,
10.,Технические,признаки,backend,/,ML,tourism_score_winter,3,0–5; экспертный признак,,,,,,,,,,,,,,,,,,,,,,,,,,,,,,,,,,,,,,,,,,,,,,,,,,,,,,,,,,,,,,,,,,,,,,,,,,,,,,,,,,,,,,,,,,,
10.,Технические,признаки,backend,/,ML,accessibility_score,5,0–5,,,,,,,,,,,,,,,,,,,,,,,,,,,,,,,,,,,,,,,,,,,,,,,,,,,,,,,,,,,,,,,,,,,,,,,,,,,,,,,,,,,,,,,,,,,
10.,Технические,признаки,backend,/,ML,public_transport_score,5,0–5,,,,,,,,,,,,,,,,,,,,,,,,,,,,,,,,,,,,,,,,,,,,,,,,,,,,,,,,,,,,,,,,,,,,,,,,,,,,,,,,,,,,,,,,,,,
10.,Технические,признаки,backend,/,ML,infrastructure_score,5,0–5,,,,,,,,,,,,,,,,,,,,,,,,,,,,,,,,,,,,,,,,,,,,,,,,,,,,,,,,,,,,,,,,,,,,,,,,,,,,,,,,,,,,,,,,,,,
10.,Технические,признаки,backend,/,ML,budget_level,4,1=низкий,бюджет,,5=дорогой,регион,,,,,,,,,,,,,,,,,,,,,,,,,,,,,,,,,,,,,,,,,,,,,,,,,,,,,,,,,,,,,,,,,,,,,,,,,,,,,,,,,,,,,,,
10.,Технические,признаки,backend,/,ML,seasonality_score,5,0–5; 5 = подходит круглый год,,,,,,,,,,,,,,,,,,,,,,,,,,,,,,,,,,,,,,,,,,,,,,,,,,,,,,,,,,,,,,,,,,,,,,,,,,,,,,,,,,,,,,,,,,,
11.,Поисковые,ключевые,слова,search_keywords,москва,,столица,,россия,,центральная,россия,,европейская,часть,,городской,туризм,,культурный,туризм,,событийный,туризм,,деловой,туризм,,гастрономический,туризм,,семейный,отдых,,отдых,с,детьми,,поездка,на,выходные,,уикенд,,короткая,поездка,,без,машины,,общественный,транспорт,,метро,,мцк,,мцд,,музеи,,театры,,архитектура,,городские,прогулки,,парки,,набережные,,москва-река,,зимняя,москва,,новый,год,,снежная,зима,,тёплое,лето,,круглогодичный,туризм,Для,полнотекстового,поиска,,SEO-поиска,внутри,проекта,и,расширения,пользовательского,запроса
12.,Семантические,теги,semantic_tags,city,,capital,,urban,,culture,,history,,events,,business,,food,,family,,solo,,couple,,weekend,,short_trip,,year_round,,no_car_needed,,high_accessibility,,high_infrastructure,,medium_high_budget,,public_transport,,winter_city,,summer_city,Нормализованные теги для рекомендаций/ML; желательно хранить как массив в БД,,,,,,,,,,,,,,,,,,,,,,,,,,,,,,,,,,,,,,,,,,,,,,,,,,,,,,
